{
  "ie": {
    "6": 0,
    "7": 0.034047458556807284,
    "8": 0.017062864288239055,
    "9": 0.012210123068648129,
    "10": 0.000751392188839885,
    "11": 2.1979473843881365,
    "5.5": 0
  },
  "edge": {
    "12": 0.001972404495704698,
    "13": 0.00267683467274209,
    "14": 0.01942661888229786,
    "15": 0.022385225625854904,
    "16": 0.03229421011618089,
    "17": 0.27685671357962927,
    "18": 7.355143326494621,
    "79": 0.034454462659095554,
    "80": 0.2827269650549408
  },
  "firefox": {
    "2": 0,
    "3": 0,
    "4": 0.00004696201180249281,
    "5": 0,
    "6": 0,
    "7": 0.00010957802753914988,
    "8": 0,
    "9": 0,
    "10": 0,
    "11": 0,
    "12": 0,
    "13": 0,
    "14": 0,
    "15": 0,
    "16": 0,
    "17": 0,
    "18": 0,
    "19": 0,
    "20": 0,
    "21": 0,
    "22": 0,
    "23": 0,
    "24": 0.00004696201180249281,
    "25": 0,
    "26": 0,
    "27": 0,
    "28": 0,
    "29": 0,
    "30": 0.00004696201180249281,
    "31": 0.00010957802753914988,
    "32": 0,
    "33": 0.00010957802753914988,
    "34": 0,
    "35": 0.061848969543883026,
    "36": 0,
    "37": 0.00004696201180249281,
    "38": 0.0027394506884787467,
    "39": 0,
    "40": 0,
    "41": 0,
    "42": 0,
    "43": 0.000704430177037392,
    "44": 0.00010957802753914988,
    "45": 0.0007670461927740492,
    "46": 0,
    "47": 0.001518438381613934,
    "48": 0.0036004209048577816,
    "49": 0.00009392402360498562,
    "50": 0,
    "51": 0.0016906324248897409,
    "52": 0.06989512756604346,
    "53": 0.002175906546848833,
    "54": 0.0032247248104378397,
    "55": 0,
    "56": 0.002504640629466283,
    "57": 0.0012523203147331416,
    "58": 0.001628016409153084,
    "59": 0.01401033352107702,
    "60": 0.07369905052204538,
    "61": 0.014166873560418663,
    "62": 0.000751392188839885,
    "63": 0.0005948521494982422,
    "64": 0.0011427422871939917,
    "65": 0.003976116999277724,
    "66": 0.021712103456685842,
    "67": 0.0015497463894822625,
    "68": 0.1137263385817034,
    "69": 0.014652147682377756,
    "70": 0.05057808671128475,
    "71": 0.7800077080315372,
    "72": 1.3183645573313805,
    "73": 0.6792272307033876,
    "74": 0.15458328884987216,
    "75": 0.0002035020511441355,
    "76": 0,
    "3.5": 0,
    "3.6": 0
  },
  "chrome": {
    "4": 0,
    "5": 0,
    "6": 0,
    "7": 0,
    "8": 0,
    "9": 0,
    "10": 0,
    "11": 0,
    "12": 0,
    "13": 0,
    "14": 0,
    "15": 0,
    "16": 0,
    "17": 0,
    "18": 0,
    "19": 0,
    "20": 0,
    "21": 0,
    "22": 0,
    "23": 0,
    "24": 0,
    "25": 0,
    "26": 0.00009392402360498562,
    "27": 0,
    "28": 0,
    "29": 0.00026611806688079255,
    "30": 0.00004696201180249281,
    "31": 0,
    "32": 0.00004696201180249281,
    "33": 0.00004696201180249281,
    "34": 0.00021915605507829975,
    "35": 0.0003756960944199425,
    "36": 0.002614218657005433,
    "37": 0.0011427422871939917,
    "38": 0,
    "39": 0.0005478901376957494,
    "40": 0.0001565400393416427,
    "41": 0.00021915605507829975,
    "42": 0,
    "43": 0.0010957802753914989,
    "44": 0.00021915605507829975,
    "45": 0.00026611806688079255,
    "46": 0.00004696201180249281,
    "47": 0.0002035020511441355,
    "48": 0.0005322361337615851,
    "49": 0.04710289783790028,
    "50": 0.0001565400393416427,
    "51": 0.0019567504917705337,
    "52": 0.00004696201180249281,
    "53": 0.0016593244170214126,
    "54": 0.0026611806688079257,
    "55": 0.0006574681652348993,
    "56": 0.0011270882832598273,
    "57": 0.21793504277143497,
    "58": 0.013493751391249599,
    "59": 0.000876624220313199,
    "60": 0.003021222759293704,
    "61": 0.003052530767162032,
    "62": 0.0402620981186705,
    "63": 0.0567770722692138,
    "64": 0.04073171823669543,
    "65": 0.10660376679165867,
    "66": 0.028302439112968997,
    "67": 0.09573988806134867,
    "68": 0.01485564973352189,
    "69": 0.09769663855311919,
    "70": 0.07030213166833173,
    "71": 0.0311514678289869,
    "72": 0.1562269592629594,
    "73": 0.18249437786448705,
    "74": 0.13271464535384467,
    "75": 1.2472640714624066,
    "76": 0.35772529790352187,
    "77": 0.3227385991106647,
    "78": 2.118018040300294,
    "79": 29.925712358930028,
    "80": 13.501014849075052,
    "81": 0.04898137831,
    "82": 0.0015340923855480984,
    "83": 0
  },
  "safari": {
    "4": 0,
    "5": 0,
    "6": 0,
    "7": 0.0003287340826174496,
    "8": 0.0009705482439181846,
    "9": 0.000704430177037392,
    "10": 0.013102401292895492,
    "11": 0.06361787198844358,
    "12": 0.3078203333614062,
    "13": 6.133003931346548,
    "3.1": 0,
    "3.2": 0,
    "5.1": 0.00010957802753914988,
    "6.1": 0,
    "7.1": 0,
    "9.1": 0.01496522776106104,
    "10.1": 0.10948410351554488,
    "11.1": 0.4872934884665996,
    "12.1": 1.5606259222165069,
    "TP": 0
  },
  "opera": {
    "9": 0,
    "11": 0,
    "12": 0,
    "15": 0,
    "16": 0,
    "17": 0,
    "18": 0,
    "19": 0,
    "20": 0,
    "21": 0,
    "22": 0,
    "23": 0,
    "24": 0,
    "25": 0,
    "26": 0,
    "27": 0,
    "28": 0,
    "29": 0,
    "30": 0,
    "31": 0,
    "32": 0,
    "33": 0,
    "34": 0,
    "35": 0,
    "36": 0,
    "37": 0,
    "38": 0,
    "39": 0,
    "40": 0,
    "41": 0,
    "42": 0,
    "43": 0,
    "44": 0,
    "45": 0,
    "46": 0,
    "47": 0,
    "48": 0,
    "49": 0,
    "50": 0,
    "51": 0,
    "52": 0,
    "53": 0,
    "54": 0,
    "55": 0,
    "56": 0,
    "57": 0,
    "58": 0.00021915605507829975,
    "60": 0.00009392402360498562,
    "62": 0,
    "63": 0.005306707333681687,
    "64": 0.0028803367238862255,
    "65": 0.03119842984078939,
    "66": 0.08785027007852989,
    "9.5-9.6": 0,
    "10.0-10.1": 0,
    "10.5": 0,
    "10.6": 0,
    "11.1": 0,
    "11.5": 0,
    "11.6": 0,
    "12.1": 0.00026611806688079255
  },
  "ios_saf": {
    "8": 0,
    "3.2": 0,
    "4.0-4.1": 0,
    "4.2-4.3": 0,
    "5.0-5.1": 0.00004696201180249281,
    "6.0-6.1": 0.00026611806688079255,
    "7.0-7.1": 0.004946665243195909,
    "8.1-8.4": 0.002504640629466283,
    "9.0-9.2": 0.007670461927740491,
    "9.3": 0.03871235172918824,
    "10.0-10.2": 0.046648931723809524,
    "10.3": 0.0732920464197571,
    "11.0-11.2": 0.11704498741574625,
    "11.3-11.4": 0.305707042830294,
    "12.0-12.1": 0.35421880102226905,
    "12.2-12.4": 1.87121701427426,
    "13.0-13.1": 1.3950065605930488,
    "13.2": 0.5586757464063886,
    "13.3": 15.114473034569361
  },
  "op_mini": {
    "all": 0.006543373644480665
  },
  "android": {
    "3": 0,
    "4": 0.00004696201180249281,
    "80": 0.11480646485316073,
    "2.1": 0.00010957802753914988,
    "2.2": 0,
    "2.3": 0,
    "4.1": 0,
    "4.2-4.3": 0.0001565400393416427,
    "4.4": 0.0001565400393416427,
    "4.4.3-4.4.4": 0
  },
  "bb": {
    "7": 0,
    "10": 0
  },
  "op_mob": {
    "10": 0.005071897274669223,
    "11": 0.005071897274669223,
    "12": 0.005071897274669223,
    "46": 0.005071897274669223,
    "11.1": 0.005071897274669223,
    "11.5": 0.005071897274669223,
    "12.1": 0.005071897274669223
  },
  "and_chr": {
    "80": 7.340679026859453
  },
  "and_ff": {
    "68": 0.08021111615865771
  },
  "ie_mob": {
    "10": 0,
    "11": 0
  },
  "and_uc": {
    "12.12": 0.02053805316162352
  },
  "samsung": {
    "4": 0.0013149363304697985,
    "5.0-5.4": 0.001628016409153084,
    "6.2-6.4": 0.0034282268615819745,
    "7.2-7.4": 0.0024889866255321186,
    "8.2": 0.005071897274669223,
    "9.2": 0.012225777072582295,
    "10.1": 0.041843152516021095,
    "11.1": 0.10613414667363374
  },
  "and_qq": {
    "1.2": 0
  },
  "baidu": {
    "7.12": 0
  },
  "kaios": {
    "2.5": 0
  }
}